Source_id,Sentence_en
1,Eclipse also helps the programmer in error detection.
2,"""For I speak as of faith. As it is written, We have the Spirit of faith: and so they say, We believe."""
3,It will then search for its own driver. I will click on Cancel.
4,"For all iterations, this means that the iterator is set to each index value. 1, 1 then 1, 2 etc."
5,"""And I heard him say, The second spirit cometh, and cometh, and cometh in the second sea; and he loosed it."""
6,We also learnt how to store objects in our respective static fields.
7,Child has trust in you all.
8,You may be amazed by observing the nature.
9,"""And his love abound among you, remembering how ye had obeyed his commandment, and had taken him by the power of fear."""
10,"""A part of rainwater gets dried up in the soil and gets collected in it and becomes ground water."""
11,They both see book.
12,Paternal grandfather came from the library.
13,Again go to the top edge and click on 7 under the tabs from 0 to 9.
14,The Align and Distribute dialog-box opens on the right hand side of the interface.
15,Click on the line number to set the breakpoint.
16,"We have done the same thing here, as we did for Borrowed Books."
17,"""The Classical period is defined by Patanjali's Yoga Sutras, the first systematic presentation of yoga."""
18,Those two are sticks.
19,"Apache, MySQL and PHP obtained through XAMPP 5.5.19,"
20,"Here, we can enter a suitable title for our document."
21,Army follows them.
22,1. In which cells are they found?
23,We can also add shortcuts on the Launcher.
24,The height of the roof should be such that there is no space for plants or cows to eat.
25,"""Various modern materials are also used to make smart things like kitchen, telephone, fridge, television, car etc."""
26,"""You will be able to stop some insects, insects and others from entering your house."""
27,Be prepared for all eventualities.
28,Boy displays affection in you.
29,"""Thou knowest that all the people of Asia have forsaken me, and that I was committed to them in Phagilos and Herm."""
30,"In this statement, I am writing for the Indian Journal of Microbiology."
31,"Publisher, Collection title,"
32,Step 2: • • • • • • • • • • • • • • • • • • • • • • • • • • • • • • • • • • • • • • • • • • • • • • • • • • • • • • • • • • • • • • • • • • • • • • • • • • • • • • • • • • • • • • • • • • • • • • • • • • • • • • •
33,I de-select the Gradient by selecting the Brush as the little brush and select my best colours.
34,We then forward it to the successUser page.
35,Plants and trees grow regularly.
36,"""Wherefore ye are no longer strangers, neither partakers, neither partakers of the saints, nor partakers of the glory of God."""
37,The tribal dances are usually performed in groups with special rituals followed.
38,"""There is none like unto this, neither Jew, nor other: for one Lord, who is Lord of all, he shall speak unto all, who shall hear him."""
39,So remove harmful plants from your garden to solve these problems.
40,Close Basket (Order)
41,Idli to be cooked on moisture.
42,"""Then Surpanakha, provoked by the news, came into the war and killed three of his disciples, Rama."""
43,"With this, we come to the end of this tutorial."
44,These methods are different from constructors.
45,Pandavas also conch-naked.
46,"read data from a file e.g. fp = fopen (""Sample.txt,"" r "");"
47,"For details, please write to contact @ spoken-tutorial.org."
48,"Now, enter the password for Moodle Administrator. You must have the same password as shown."
49,"When extracted, I will rename the FrontAccounting folder to account."
50,And all the Gentiles and the children of Israel were present in the synagogue.
51,Welcome to Meet The GIMP.
52,A variable must be declared before it can be used.
53,Let us see the version number of jdk.
54,"As we can see, Course Category is Mathematics."
55,"Now, let us see how to create a simple Java web project using NetBeans IDE."
56,Tomorrow is the death anniversary of Acharya Drona.
57,We all may speak
58,"But for the sake of time, I will just fill in duck for Full Name and leave the rest of the fields as blank by pressing Enter."
59,• Stand or sit in a comfortable position.
60,"""And as they went by, they rent their clothes by the way."""
61,"In Perspective, enter INKSCAPE."
62,u and press Enter.
63,"Next we will work through the ""for"" loop."
64,Let's have a look next week. Let's have a look again.
65,Also clean the area where plants and cows are kept for other food items.
66,Vruddo: One who is not covered by darkness.
67,"If you do not have good bandwidth, you can download and watch it."
68,Use double threads and join one stitch to another for a stronger sewing pattern.
69,"""The back of the left hand should be in contact with the spine while the right palm should face the spine."""
70,Change the name of the layer to CD template.
71,It treats many water borne diseases.
72,Enemy is hiding.
73,"In the Services window, right-click the Databases node."
74,There is an error here.
75,We will be staying here.
76,"""And it came to pass, on the morrow, that they cut off the child's skin, and came and took his name, as his father had taken it."""
77,"So, the control goes to the displayMessage."
78,We can now insert it into a document.
79,Women is decorating.
80,Is it necessary to read Geeta today?
81,"""Though they had no success here, they were successful in making any metal with gold power."""
82,"""Rest the knees on the ground, stretch the abdomen in and sit back, resting the buttocks on the heels."""
83,We will then call the removeFromCheckout method.
84,Boy will receive the bag.
85,"""And yet without the flesh of the Lord there is no woman, neither is there man without woman."""
86,identify and list the used hand sewing utensils and stitches
87,4. Leaves - they are usually green in colour and plants make their food.
88,I just click to get her out of the box.
89,We have created a rectangle.
90,Hanumata is the knowledge of Sita in Lanka.
91,"Let us summarize. In this tutorial, we learnt about subclassing and method overriding."
92,"""For this cause all the craftsmen profited, by building in Artemis the temple of the silver goddess, which is called Dimetrius."""
93,"This tutorial has been created to learn about the nutritional, health benefits of various types of cooking and socially processed foods."
94,Let us now learn how to perform software installation using Synaptic Package Manager.
95,They can be single or multicellular.
96,Click on View this Journal Entry link.
97,Who is Capricorn?
98,She is hearing.
99,eg. it adds [abc] to the regular expressions a or b or c.
100,"""They also had access to water for cooking, washing clothes and other activities."""
101,"""Neither did any of the rulers of this world know it: for when they had found it, they crucified not the Lord of power."""
102,"""Notice that we also have to reveal the nature of food used."""
103,He then removed them from the judgment seat.
104,"""And he answered and said unto him, He that made me well said unto me, Take up my bed, and go."""
105,Go to the location where the logo is saved.
106,"""• Sitting Asanas: Siddhasana, Gomukhasana, Ardhmatyasana, Andrasana, Mayurasana."""
107,These are two asanas.
108,Krishna is all-knowing.
109,Monkey throws fruit.
110,Who are the warriors?
111,Click on the array at the bottom right.
112,Motivate the senses.
113,"""And Jesus appeared unto his disciples thirty times after the resurrection from the dead."""
114,There are many rooms in this house.
115,Let us add the Service tax. First we need to create a GL Account for the Service tax.
116,"In the previous tutorial, we had learnt a bit about bookmarks."
117,"Now press Enter. To execute, type dot slash if1. Press Enter."
118,Input / output functions and time-stamp functions.
119,"Next, we will parse book _ id as an Integer from id."
120,"""But the trumpet shall say, The mystery of God in the trumpet of the seventh angel, as he spake unto his servants and the prophets, be established;"""
121,"But to redirect the error stream, you have to use 2 right angle brackets or 2 double right angle brackets."
122,Now we can see the names in the user's id field.
123,Shuddhatma: One who is pure and has no qualities other than the three.
124,Then maximum number of names can be sent to 500 people per day.
125,This class has variables to represent the following details:
126,You are a coward.
127,Who was Maricha?
128,"Save and Run the application. As we can see, the value is zero."
129,"In the sub-field'a ', Classification number, type 660.62."
130,Now let us see some common errors that we run into.
131,It improves blood circulation throughout the body.
132,How can we check an index sequence in any of these multidimensional arrays?
133,Create an odd circle of pink colour and a circle of black colour.
134,Error dialog box and Shortcut keys.
135,Let's come here. Let me delete this and now add a figure.
136,You must have heard about डी.डी.टी.
137,"Here, we can see that the write permission has been removed altogether."
138,Read the License Agreement carefully.
139,It contains the required packages to setup the basic documents of LaTeX on Windows and TeXworks is the only other available editor of MikTeX.
140,We can see the block diagrams which do not have mathematical expressions.
141,We both may speak
142,Internet connection should be good.
143,And the program should be finished.
144,"""Bend the knees slowly up and down, using the elbows to bring the legs down."""
145,These simple lines are the cornerstone of your drawing.
146,Krishna places the chariot.
147,I have already explained in the Spoken Tutorial on Creating Equations.
148,Spoken Tutorial Project is a part of the Talk to a Teacher project.
149,Koha automatically selects Spoken Tutorial Library.
150,"""And all the multitude looked upon him steadfastly, and saw his face as the face of an angel."""
151,Switch to the browser and open your Moodle site.
152,You can also type your journal title here.
153,And these keys can be used with any other option.
154,More information on this mission is available at this link.
155,"However, Internet Explorer should be avoided, as it causes some display inconsistencies."
156,Type at the prompt date space plus percentage symbol with a small h and press Enter.
157,First we will learn what an interface is.
158,Name any simple and most subtle organism of the world.
159,Fingers backwards.
160,"""And it came to pass in those days, as it was said, Father, glorify thy name, and I will glorify thy name also."""
161,"""Some of the common leaves which are used for serving food are: Platen leaves, Basterdtic leaves, Rinicumcumin leaves, Caltropis leaves, Castor leaves, Seahitmilchi leaves, Lotus leaves, Dahitanscreupine leaves, Stereo, Svarpamsavoling leaves etc."""
162,"""In those days shall men seek death, and shall not find it: they will desire to give up their lives, but death shall flee them."""
163,I may think.
164,ENVIRON refers to the array of shell environment variables and their values.
165,We have kept this part outside and there is someone sitting there.
166,This is a GUI for using apt-get command line.
167,• The knees are kept about 10 inches apart. • The hands are kept between the knees.
168,Let's see what happens in the Awkdemo.txt file.
169,"""And he fell down first, that he might confirm the second, which he said, Behold, they come together to do the will of his heart."""
170,explain the meaning of folk dances
171,"So, I can drag the black point to this point."
172,"Extract gene ""HIV1gp3"" (HIV1gp3) from HIV genomic sequence at locations 4587 to 5165."
173,"""Then spake Jesus unto them plainly, Lazarus is dead:"""
174,"""And when he that doeth evil shall see his way, he lighteneth up, and goeth into the lake:"""
175,Let us now see how the system works.
176,Now click on OK and close the dialog box.
177,It summarizes the Spoken Tutorial project.
178,"Next, I select Step Over. The value of the rectangle in the constructor is now set to 10."
179,Read Dhyana sloka.
180,What is cooked in the house today?
181,Welcome to the spoken tutorial on grep command.
182,"Next, below the Description, we can see 2 fields- Course Summary and Course Summary files."
183,That is a train.
184,"including graphics, color packages etc. We will refer to LATEX with this requirement in mind."
185,Now we will use the cout statement instead of the printf statement because we are using the function cout < < to print a line in C + +.
186,3. Food goes down in the mouth and our body has a bag like organ.
187,Write the traditional methods of purifying water.
188,"So, I select the interpreter and fix the errors."
189,"""Space studies, planetary movement, computation of eclipses, calculating arts etc. are discussed in detail in the series."""
190,So your breath rate while doing this practice should also be 30 to 35 breaths per minute.
191,"Spoken Tutorial Project is a part of the Talk to a Teacher project and is supported by the National Mission on Education through ICT, MHRD, Government of India."
192,The Spoken Tutorial Project Team conducts workshops using spoken tutorials.
193,"""But when he hath delivered unto them a gift, he saith unto them, But unto them that are self-respecting is God; but unto them that are humble is grace."""
194,"""Sattva: One who is of the nature of chivalry, because He is Sattva."""
195,Slowly bend to the right until the right hand reaches the right foot.
196,Teacher calls the boys.
197,Write two types of cleanliness for external body parts.
198,"""And the saints were filled with great wrath, and took the apostles, and bound them in prison of the lowly."""
199,"So, I create a new layer and name it white and then I decrease the value of opacity by selecting White in the Layer Fill Type which we can see through the image."
200,Aatma-vanah: One who is always present in everyone's heart.
201,describe some tribal dances of India with an example.
202,Now add a using statement.
203,Enough.
204,There should be enough space to play this game.
205,"""Take heed therefore how ye learn: whosoever groweth shall be called back: and whosoever groweth not shall find out what he hath."""
206,This is because we have not initialized the values of the variables.
207,"Now, press Ctrl + Z keys twice to undo this action."
208,Click on the Selector tool.
209,I will give this luggage.
210,"""As you inhale, your abdomen expels and as you exhale, the abdomen sinks."""
211,Now we will invoke the Show data method to print the details of the enrolment.
212,Click on View menu and select Properties option.
213,This tutorial is recorded using Maximum Resolution for proper use of tools.
214,Total 4000 and Actual cost 0.00.
215,Use guidelines and set them
216,The Provision field is used by a Sales Person.
217,"""And his disciples said unto him, Where shall we find bread, that so many should die in the midst of this desert?"""
218,Boy has friendship on that.
219,There is only one application Videos in the list shown.
220,"""To him that was not of my own accord I will say, As it is written in Hosea: I love to speak unto a nation that loveth me."""
221,You can install KTouch from the Ubuntu Software Centre.
222,Child has trust in these all.
223,For Grace period: I will select 15 day (s).
224,"""I have heard of thy works, and thy afflictions, and my afflictions: but I know that thou art rich, and reviled of the synagogues of Satan, which are not of the Jews, but of their own Jews."""
225,"""In Geeta, Lord Sri Krishna says,"""
226,It is a physical exercise by which a person runs in one motion.
227,Identify the following statements as true or false:
228,"""But that which is not of faith is delivered from the heart, and the Son of man reaps it."""
229,"At the prompt, type date space plus percentage symbol, capital T and press Enter."
230,"""The king called some Brahmins and said,"" ""My mother's last wish was to offer mangoes to the Brahmins,"""
231,And the whole mountain was covered with forest.
232,Do you all know Geeta.
233,The next setting is Hidden sections. These are topics that are confidential to the students in the course.
234,Those two are bracelets.
235,The first step here is the General Ledger Account Classes.
236,"""And ye yourselves, which were before long ago in the heart of iniquity; whom he hath reconciled unto himself through death in the flesh of him."""
237,But this is not the case with detergents.
238,"""Salute Trophus, who labored diligently in the service of the Lord: Salute your beloved Pharisee, who labored diligently in the service of the Lord."""
239,"""It is a relaxing, continuous and peaceful exercise"""
240,Most of the actions of humans are done in harmony with nature. The effects of nature are not negative.
241,It should not be heavy or jerky and can irritate the body and spine.
242,Product of 5 and 2 is 10.00
243,Son - What happened between them?
244,"In the emacs editor that we have already opened, we can see the maths.pdf_t."
245,Feel the gradual expansion in all parts of the body.
246,"""Saying, O ye of Israel, The Lord our God is one:"""
247,"""Vedic texts also contain mantras on Rig Veda, Yajurveda, Maitraayi Samhita's Grih Suktam Smriti, Dharma Sutras on cows."""
248,Click repeatedly to see the contents of the folder.
249,Observe two square handles and two circle handles or arc handles in the shape.
250,When food is placed on a high table it is called a buffet.
251,"""To the brethren which are in Antioch, and Syria, and Cilicia, to the apostles, and to the elders, and to the brethren."""
252,These two are armies.
253,"However, it should not be a direct access to the web, for protection reasons."
254,"""And he called unto him the centurion, and said unto him, The young man have nothing to ask the captain of the thousand; take him not thus."""
255,"""When I always forget a novel, I do it first."""
256,Google Calendar is now available.
257,"""And it came to pass, that, when the fire was kindled, the people came forth to pray."""
258,Then click on Koha Administration.
259,Stink of'samsam '.
260,"""I have written unto you to test you, that ye have not obeyed my voice in all things."""
261,A new page opens up.
262,"It is also mandatory to have working knowledge of Terminal, Text Editor and Synaptic Package Manager in Linux."
263,"For example, in a two-dimensional array, the element is identified by a double index sequence."
264,Those two are samskritam houses.
265,Save the image as a.cml file.
266,Type 4.
267,Some people make things with essential items in a small space at home.
268,It improves your concentration and calms down the mind.
269,In the practice of Bhramari use'Na-kara'and not'Ma-kara '.
270,"""By faith they have subdued kingdoms, they have done righteous works, they have obtained the fruit of their faith, and have shut up the mouths of lions."""
271,"""Then cometh his disciples, and saith unto them, Why tellest thou them this parable?"""
272,Add 2 numbers before the name.
273,We have to open the terminal.
274,Now let us try division. Remove the asterisk and type the slash symbol.
275,"""Food distribution India is a land of unity in diversity. India is diverse in languages, places, climates, religions and cultures. So is food."""
276,You can see that this curve is not straight.
277,Now click on the file that you just uploaded.
278,"""And certain of the Jews came from Antioch and Iconium, and led the people: and they stoned Paul, and brought him out of the city, because they knew that he was dead."""
279,"As a result, some of the images look good."
280,This tutorial will explain how to create a simple web application
281,But I can change that by changing the colour and there is an'X'shortcut key for that and I will make it a bit darker here.
282,But a non-static block cannot be parameterized.
283,It starts with the main method.
284,Firefox web browser and active Internet.
285,Let us see the action of the code.
286,"""1. Seeds get water, oxygen, heat and germination takes place there."""
287,"""And the householder's servant came and said unto him, Sir, what field did thou sow good seed in? And they made wild beasts."""
288,General Hand Sewing Skills
289,"""And when John was bound, Jesus came into Galilee, preaching the kingdom of God,"""
290,Let us see how the code works. Save and run it.
291,"Under the menu items, go to Applications, Programming and Netbeans IDE icon."
292,"""And thou shalt receive the blessing, and thou shalt receive the fruit in the resurrection of them that are buried; and thou shalt be able to repay them."""
293,And I will show you the code for the same.
294,Rama reaches Ayodhya.
295,"""And there they found a man lying in a bed years and years old, paralyzed,"""
296,Then we iterate through the result set.
297,The output shows the total number of alanines in dna2 sequence.
298,GIMP uses many small windows similar to Windows and Macintosh programs.
299,Food means anything eaten or drunk by us. This is because our body gives us nutrition.
300,Let us go to the area where we want to move the box.
301,"""For the Son asked for a bow, and gave him a stone: or for the fish, and gave him a serpent."""
302,Make tight fists in the forward direction with palms together.
303,"Now, let us give a stroke or outline to the object. To do so, we have to use the Stroke paint tab."
304,"""Bharata went to Mahatma Rama in the form of Satya, Parakrama and prayed very fervently,"""
305,Scroll down and click on Save and display button at the bottom of the page.
306,"Right-click Open. From the context menu, select Events, Action, Action Performed."
307,"""And Jesus went in the evening with the twelve disciples,"""
308,Even today cows are worshipped.
309,"""For the blood of the prophets, which is in the earth, from the creation of the world, shall be on them that are here: verily I say unto you, that all men shall be of the generation of judgment."""
310,"""Who hath defiled the devil, that he should stand, or be dethroned, before his Lord: for God is able to set him in position."""
311,"And, close the document."
312,""""" ""The cow said to him, Sun is a star, then why is it not visible in the night? Do stars shine in the night?"" ""Raju asked."""
313,"Next, let us call incrementAvailableCopies."
314,"Now, go to 310 CURRENT PUBLICATION FREQUENCY."
315,There are plants in and around the pond.
316,Every soil has to be dug and the flow of air should be made appropriate to it.
317,Start to see by gazing at both fingers.
318,"""And there was a dispute among them as to which of them should be called great."""
319,"""Keep the hands a bit away from the thighs, palms upwards."""
320,Snake sleeps in the bushes.
321,"""For the atonement of my soul is come, and the hour of my departure is come."""
322,Those two are bracelets.
323,"""Complete compound breathing is the breathing process of abdominal, thoracic and clavicular muscles."""
324,With this method we can see and identify the objects around us.
325,We are now at the welcome page.
326,Tomorrow I will go to the culture center to study Sanskrit.
327,Right-click the Exit menu item.
328,Less than: e.g. a < b
329,We will learn about other options in the Align and Distribute dialog-box in the coming tutorials.
330,The output is from your input a + +.
331,It executes the underlying statement as long as the condition is true. Then it gets incremented and so the loop is repeated.
332,"As we can see, both the objects are selected."
333,So we should use less fat in our food.
334,Add the final keyword before the name variable. We have now changed the variable name to final.
335,"Now I have all the brushes in my brush section. So, I close the Archive Manager, close the folder here and come back to the GIMP."
336,This command will give us the total number of empty lines because x will be incremented and printed every time an empty line is displayed.
337,He taught the principles of war to all.
338,Now we will define the showDetails method. Then type: public void showDetails ().
339,Click on Add stop button to add another color between the two.
340,"""But when thou hast given, shew not unto the left what thou hast done unto the right."""
341,And we have a great priest who is the head of the household of God.
342,We know that a variable and a method together make up a member of a class.
343,We should also protect the wealth from thieves and violent persons.
344,"For example, we will store it directly in the center environment."
345,Akash (Space)
346,Boys heard the story.
347,"""And when Herod the king of Galilee was there, he sent Jesus unto him."""
348,"""And ye shall heal them that are sick in the city, and shall declare that the kingdom of God is come unto you."""
349,"I will type Patel, Arvind H."
350,"""In the month of October-November, Sohrai and Bandana dance is performed to show the richness of the animals."""
351,I will leave the Shipping cost as blank.
352,We had already deleted the processRequest.
353,This will open the quiz for a given date and time.
354,"Now, let us use the greater than operator."
355,You are afraid.
356,"Lastly, click on Save changes button and then on Done button."
357,Click on the Units drop-down list. We can modify it as per our requirement.
358,There are certain details in the blocks that people have to go through when they login.
359,"""He was shocked to see the place where he lived, it was very dirty."""
360,One soldier dies in the battlefield.
361,Very useful in improving eyesight.
362,There are thousands of types of organisms on earth.
363,Click on the drop-down list for Blend mode. There are five options here.
364,Do not choose any other option.
365,The second reason is the soil which needs to be watered as per the requirement of the soil. If there is less rain then it should be watered less and if there is no rain then it should be watered more.
366,"""If it is of the form of one whole body, then where does it rest?"""
367,Type return 0; and keep the finished curly brackets.
368,Animals are divided into following categories:
369,Every day on the morrows mother cooks various kinds of dishes from which we feel happy.
370,Spoken Tutorial Project is a part of the Talk to a Teacher project.
371,"Now, in the terminal, type:"
372,"To optimize, select the Auto Optimization Tool on the Toolbar."
373,These options are disabled for flow texts.
374,"""And after three days Paul called the chief Jews unto him: and when they were come together, he said unto them, Brethren, I have done nothing evil in the way of my fathers or of my people: but they which were at Jerusalem bound me, and delivered me into the hands of the Romans."""
375,"In Screen mode, the colours are first reversed then multiplied and fried and mashed."
376,"I select the Scale tool, save the aspect ratio and move the Scale from the block to the window."
377,Boy displays compassion in them.
378,Devotees of Krishna do not worship.
379,As an assignment:
380,"""Bhagwan said, Lord Rama's name is Sahasra (thousand)."""
381,There are innumerable qualities found in humans.
382,"Under Categories, select Java."
383,""""" ""Yes sir, this is a round image of the earth."""
384,"""And thou shalt not distribute to them the holy things, neither cast thyself into the hands of the bridegrooms: for when thou hast cast them, they shall shake them all in their feet, and shall turn and cast them away from thee."""
385,"As we can see, this condition itself creates confusion."
386,Let us see what happens if'n'is 0.
387,"For self practice, you can:"
388,"To see the circle text, select the Start Date and End Date of the exchange."
389,"""There is fire in the form of energy in all the worlds."""
390,Now I will scale this image.
391,The Create Table dialog opens.
392,Boy displays humility in you.
393,Who all are there around you?
394,But a static method can only access and modify static variables.
395,"""In this Veda, the knowledge of prayer and your help is given to the cows with more milk."""
396,"Here, it indicates that another Apache instance is running."
397,We can see a square handle and a circular handle on the image.
398,Now we will learn the difference between instance method and static method.
399,"""For they hardened their hearts, and forsook not the miracles which were done in those fathers."""
400,"Here, you can see Created With GIMP and Loop Forever."
401,His name is Bhilmacharya.
402,He will eat only the fruit.
403,"From the Folder drop down menu, select the Bookmarks toolbar."
404,This is our header file stdio.h.
405,Mixed
406,You served the country.
407,And it is not less than 40.
408,Hallstein Friesian - This is a white cow.
409,"""This is the sign of the prophecy of Adam, that from the beginning of Adam even unto death Moses reigned over them, who had committed the same sin as this man."""
410,"But if you do it yourself using the GIMP, you can control sharpening. I will demonstrate how to do this in today's tutorial."
411,"Let us change the header file ""stdio.h"" to ""iostream."""
412,This is a chariot.
413,You two were eloquent.
414,"""Jacob, and his brother John, and Andrew, and Philip, and Bartholomew."""
415,Every minute a healthy adult trembles more than sixty times.
416,And type the filename as ST-CD-label and click on Save.
417,"""For we speak as if ye were afflicted: but I speak as if I were afflicted, that I might be glorified also by him that is above."""
418,Click on the Calculus course. Scroll down to see the details of the course. Click on Enrolled Users.
419,"""And when God had given them up to him for a whirlwind service, their wives did evil in their own way,"""
420,Do not create the main class but organize it as main project.
421,Then click on Add random question button.
422,There are devotees in and around the temple.
423,"In this tutorial, we will learn to set Global System Preferences to customize the Library OPAC."
424,"Next, let us see what the Status bar does."
425,"""And I say unto thee, That Jesus Christ is come unto thee for the glory of God, and for the glory of the Gentiles by his mercy: as it is written, I stand before the Gentiles, and will praise thee in the name of the Lord."""
426,1. What is another name for nutrition?
427,The yogis are observing God everywhere.
428,"""And if I had not come unto them, they would have had no sin: but now is there no more for them to cover their sin."""
429,INTEXT QUESTIONS
430,"From the drop-down, I will select Author (A-Z)."
431,A cow needs a place to live.
432,Suffer thy affliction as a warrior of Jesus Christ.
433,"""And it came to pass, as soon as the two brethren were come together, that he went unto Moses, and would that they had made peace with him: and he said unto him, Sirs, why do ye wrong your brethren one to another?"""
434,Here is an assignment for you-
435,"Now, let us try this command."
436,The Spoken Tutorial Project Team conducts workshops using spoken tutorials and gives certificates.
437,"function call by value,"
438,Prone Asana is lying down on your abdomen with the face down.
439,You can also open your own laundry or take charge from the textile industry.
440,This is because the script overwrites the tables.
441,Teacher teaches everything.
442,"""For the word of God hath not failed: for all that are born of the house of Israel are not really of Israel."""
443,System.out.println (n); then increment n = n + 1;
444,"""Who shall accuse the elect of God? or him that regardeth God as righteous?"""
445,Hold the top of the thread and move the needle to the bottom corner where it was brought before.
446,"""And the two cows, which were on his left hand, were crucified with him."""
447,Who killed the girl?
448,"""And the Lord said unto him, Behold, Simon, even as the corn, ye would have Satan lead you."""
449,Change the line spacing to 1.50.
450,"""For this is the coming of an adulteress, who is evil in the eyes of men, because of the meaning of things."""
451,"To open the terminal, press CTRL, ALT and T keys simultaneously."
452,We both must do.
453,The rest of the code is same as our switch.c program.
454,The next tool is called Intelligent scissors or Scissors selection tool.
455,"""And they that were swallowed up came nigh, and were healed."""
456,Bhishma comes after seeing the Ganges.
457,E267 as the value of Employee ID and 10000 as the value of Employee salary.
458,"""And he stood up, and saw the clothes that were put on him: and he entered not in."""
459,Log out from your current session Database administrative user.
460,It speaks Sanskrit.
461,Explain the different types of Asanas.
462,"""• Supine Asanas - Avidkarani, Sarvangasana, Shavasana, Halasana, Matsyasana."""
463,"HTML. If not, for relevant tutorials, please visit our website."
464,"Next line, type ""else,"" open flower brackets and press Enter."
465,Those are bullets.
466,Many companies provide all the services required by you.
467,Note that our file name is pointer_demo.cpp.
468,"""Forgive me, and humbly hold my epoch, and teach me, that ye may refresh yourselves in me."""
469,We are now in the teacher's dashboard.
470,"Now, in the Price before Tax field, I will enter the Price as 48,000."
471,Note that servlet is similar to any other Java class.
472,"We use the ""this"" keyword to invoke each other inside the constructor."
473,I increase the grid lines by moving the sliders. It will be visible soon.
474,My third wish is to impart self-knowledge to you.
475,"""For they shall enter in among you, and persecute you, as I did in my way:"""
476,Inkscape can also be opened by double-clicking on the logo.
477,"""Make me your hired servant, and I am not worthy to be called your son."""
478,Who was Kalidas?
479,"To do so, type the command in the terminal and press Enter. We get the desired output."
480,"""Let not the works of God profit you for food: for everything is holy; but he that eateth and drinketh of it is not unclean."""
481,I keep the danda lamp in the classroom.
482,"""Licchavi king Bhaskaravarma, Huna conqueror Yashodarma, Sri Krishna Deva Raya (the great king of Vijayanagara Empire), Lalitaditya (a great warrior)...."""
483,Metal cutters are better than plastic cutters.
484,It summarizes the Spoken Tutorial project.
485,"We have written a code to reverse a string and named it as reverse.awk. To reverse a string, we use recursive function."
486,"""To him that hateeth, and maketh himself as the true God of all things, and sitteth in the temple of God as God;"""
487,Yoga is destroyed because of the following six reasons:
488,These are created using the same commands as in the original file.
489,"""And the Jews, who were in the house with Mary, and were not pleased, saw him rise quickly, and go, and said unto him, He goeth to the sepulchre to weep: and they followed her."""
490,"""And after a while the multitude saw him, saying, Thou art also of their stock. Peter answered and said unto him, I am not, man."""
491,"""The Wrathful One, The Wrathful One, The One Who cuts off the days of wrath,"""
492,Useful:
493,Makes your mind calm when you are angry or tired.
494,The story of the play should be written in appropriate incident.
495,"""Here is a list of some Indian medicinal plants which you can grow and grow at home."""
496,"else if conditional-expression2 is true, then perform action 2."
497,Makarana can also be called as Crocodylpose in English.
498,Move the carbon to the left.
499,What did Rama do to make Sugriva believe in his own powers?
500,Boy displays regard in you.
501,This is called malnutrition.
502,We also have to define the move () method.
503,"""And it came to pass, as he was yet in the desert, that his twelve disciples asked him concerning these things."""
504,You play.
505,See the output. We have retrieved the original sequence of indices.
506,Notice a small corner on the left of it.
507,"Let us summarize. In this tutorial, we learnt:"
508,Commands can be of one type or of multiple type and they can be separated by the use of white space.
509,"To set up user accounts,"
510,This * indicates that its previous color was displayed once or more.
511,Locate instance variables and static variables.
512,"""Then Peter answered and said unto him, Teach us this parable."""
513,"""There is only one God, Vishnu, who is supreme and consumes all the elements of the universe. He is Lord Avinash, who is the ultimate enjoyer of all the three worlds."""
514,"""And the Lord said unto him, Who is this faithful and wise man, whom the Lord shall send forth in due time, to bring meat unto his house?"""
515,Dakshah: One who is skilled at all things.
516,The arrow is to drag the category up or down. This is the menu and has the gear icon settings. This is indicated by the down arrow.
517,"""And he said unto him, Be thou holy, and I will send thee abroad."""
518,Do not pollute the sky and the atmosphere.
519,Always click on the help icon to know the priority of any field that you have an idea about.
520,This brought oxygen into the air and opened the door for the development of many types oforganisms.
521,Asanas are classified as follows:
522,The name of the vowel syllable is Ach.
523,"""In the state of relaxation chant the Om mantra, feel the vibrations in the body."""
524,"and add, edit and loop nodes."
525,Sri Krishna solved the Pandavas'problem.
526,I will keep this as 1.
527,Sri Krishna places Arjuna's chariot in between the two armies.
528,It is commonly called isoprene.
529,You both heard the story.
530,Those two are swans.
531,Go to the Toolbar and click on Apply button.
532,Right-click on the layer and select Flatten image.
533,Then print the reverse complements using the built-in method as Reverse Complement of the sequence object.
534,Brackets can be written in the same way as in equations and can be used as per the context.
535,Click on the Fill in correct responses button. This helps us to see the correct answers to the questions options.
536,"""Let our people therefore learn to walk after that which is useful, and to do that which is good, that there be no profiteering in them."""
537,"""But store up treasures in heaven, where moth and blemish devour not, and where thieves make a pact, and steal not."""
538,We have the minus c option.
539,Boy displays affection in that.
540,"""Know ye first yourselves the truth, that in the last hour there shall come a blasphemer willingly;"""
541,"""There is no use of the sun, nor of the moon, to give light unto that city: for the glory of God is the light of the Lamb."""
542,This increases your energy. Exhale slowly and concentrate on the energies while inhaling.
543,"If we do not assign any image to the logo, then Short name is also used as the logo text and we will keep it the same."
544,"""And when he had gone through the surrounding villages, he taught them,"""
545,Boy displays respect in these all.
546,"""And the feast day and the sabbath day were at hand."""
547,Let us demonstrate the use of static variables with an example.
548,Bandha literally means bondage or bondage.
549,"""It also helps in reducing eye-allergies, increasing eye-light and concentration."""
550,We have defined a constructor with two parameters.
551,Helps in increasing blood pressure and cures heart-related disorders.
552,"So, type public void showData () and within parentheses type the following code which will print the id, name, branch and the number of enrolled students."
553,• Sit in the base position.
554,Sita also wore royal dress.
555,"Now, let us initialize the fields for the second object."
556,6. How are new plants found?
557,Is it necessary to have a blackboard?
558,Let us go to GreetingServlet dot java.
559,It is said that the juice of water is kept in the sun.
560,"To proceed, we have to create a database for FrontAccounting."
561,Note that we have not initialized the value of x. Awk initializes x to zero for the starting value.
562,"""Now he that calleth you believeth, and shall accomplish it."""
563,"So, let me open it."
564,You all know the cloth.
565,I adjust the opacity slider to get a darker boat into the image.
566,"It is possible to give deposits, miscellaneous sales etc. to the customers."
567,The index finger should be kept on the base of'J '.
568,He is not a soldier.
569,"""Thou forgiveest us our sins, as we forgive all trespasses: tempt us, and save us from the Spirit of sin."""
570,Let us start with the introduction to strings.
571,You can use these options by checking the check box adjacent to the subcategory that you want to drag.
572,The Spoken Tutorial Team conducts workshops using spoken tutorials. Gives certificates to those who pass an online test.
573,It is a state of freedom or peace from all thought.
574,Here is a program.
575,The village is visible from this street.
576,Write four points to clean goshala.
577,"""And when he had laid hands on them, he departed thence."""
578,4. a white part of seed which does not stick out from the root
579,"how to create, delete, convert data and finally"
580,"""And the zeal with which the gospel of peace was preached was, that they should submit themselves to the yoke of the foot."""
581,"Here, std is the namespace where the entire standard C + + library is declared. Press Enter."
582,Look at the details here.
583,Let there be fondness in peace.
584,These two characters
585,Pushpa Patanga: One who sits on the top of a flower.
586,Type the file name as welcome.
587,"Similarly, we can assign students to a course."
588,What do you eat?
589,The quality of the sky is sound.
590,Click on the Add button under the Activity chaser.
591,Then click on Enter Payment button at the bottom of the window.
592,"Since the Table environment is floating, do not add it here. Add it directly."
593,and display the converted temperature.
594,"There, create a class by the name Welcome."
595,There are two Attachment buttons.
596,We also learnt about the use of layers.
597,You will get an SMS on your phone.
598,"Similarly, we will learn to parse data files using functions in the Sequence Input Output module."
599,You can see that the image is now reversed as it is. I will reduce the opacity to 50%.
600,Come back to normal position as you inhale.
601,It is time to start all over again.
602,You will see a different value on your interface.
603,Zoom in and click on the star once.
604,But the nature of industries also had to change from time to time.
605,Milk is given to cows by them.
606,main is a special function.
607,"However, the date is editable."
608,This will send the same message to all the selected students.
609,"""After studying this lesson, you will be able to:"""
610,"In the Password text-box, enter the password of your choice."
611,"Immediately, the recording software creates a movie."
612,This is a rope.
613,"This tutorial was recorded using the maximum resolution possible, supported by the tools used in the tutorial."
614,"If everyone else does, I also record it in 800/600 pixels and reduce it in 640/480 pixels and that's how it works on Apple TV and so on."
615,Boy displays fondness in these all.
616,Compress the cavity and push it outwards.
617,"It also provides some security and privacy options against malicious web pages, spyware, viruses, trojans, or other malicious activities."
618,He is also known for inventing several anti-inflammatory and anti-inflammatory medicines.
619,Package gets updated.
620,All the sounds of alphabets originate from Shiva's head.
621,She knows these two.
622,Kings did not imitate Dilip's success.
623,Start the XAMPP services before starting the FrontAccounting interface.
624,This statement prints the address of the variable num.
625,You all sit.
626,"""Verily, verily, I say unto you, He that believeth on me shall do the same things, and shall do greater works than these: for I go to my Father."""
627,"""And the man that beareth in the field turn not to receive his garment."""
628,Student knew mathematics.
629,The Indian science of strangling shlokas or mantras is one of the earliest in the world.
630,Moodle 3.3 and Firefox web browser. You can use any web browser of your choice.
631,Plants take water from their roots to the ground.
632,"This file is saved as ""HIV_geneseq.fasta"" in your home folder. Press Enter."
633,You please speak.
634,Meditating on the mind is meditating on the self which is within.
635,You all must pray.
636,"""She is the goddess of knowledge, wisdom, learning, music and the arts."""
637,"""Now I say unto you, Is it lawful for you, that I should speak the truth?"""
638,"Now, let us see how to execute the same program in C + +."
639,Click on the GL Account Classes link in the Maintenance panel.
640,"""If any man believe on him, as God so gave his second son, he shall not perish, but have eternal life."""
641,"To record this tutorial, I am using: Ubuntu 11.10 OS,"
642,I will name it as Account balance.
643,Keep the default folder as the'Home'folder.
644,"""And he saw the clothes that were laid, and the linen garments of the head, laid in separate places."""
645,"To follow this tutorial, you should have knowledge of Library Science."
646,"""And when Jesus was delivered into death, as it was before, according to the prophecy of God, ye took him, and crucified him with the hands of the wicked."""
647,Sages were chanting.
648,Maharishi Chyavana was an Indian Vedic sage.
649,This was the place where they all met.
650,Examine the performance of each step before proceeding further.
651,Contact your central connector for books and sound recordings.
652,"Create groups in courses, Send messages and notes to students."
653,"""Examples of insects are bee, peacock, mouse, mosquito etc."""
654,Proper'seed mantra'is also chanted along with the names of the Sun God.
655,This will open the File Browser window.
656,Specify the minute and second question and anyone in our group will answer the question.
657,Click on Show Layer Mask.
658,Trataka is the practice of focusing on a particular gazing point.
659,This is also used to draw water in the garden of Droni.
660,If you use a terminal and
661,The FrontAccounting interface opens.
662,"However, it will not be used by classmates, teachers and students."
663,"In this tutorial, we will learn about:"
664,"""Humans have built many different machines over time, but the system created by nature is useless."""
665,"""When will we see thee a stranger, and take thy place? when will we see thee naked, and hold thy garment?"""
666,The first data is at zero index.
667,"From the Menu bar, click on Edit and then on Preferences."
668,Make sure you have completed this tutorial before proceeding further.
669,"""Verily, verily, I say unto you, On the day of judgment ten of those ten shall stand in battle against Sodom and Gomorrah."""
670,"Save the file, press Ctrl + S to run the program."
671,"And Philip dwelt in Bethsaida, which was the village of Peter and Andrias."
672,Let us now enumerate it.
673,"""And Jesus, knowing their thoughts, said unto them, Why quarrel ye with your hearts?"""
674,"""(Dharmashastra says that the younger brother cannot rule over the older brother)."""
675,which helps in normalizing the speed of breath and helps in consistent rhythmic rhythm of breath.
676,Less water is used.
677,"In this tutorial, I will learn about GIMP and its features."
678,"""And they took the colt, and cast their clothes on him, and killed him."""
679,"""For by that ministry they which are able in glory receive an excellent office, glorified in the faith which is in Christ Jesus."""
680,It reaches from brain to the end of vertebrae.
681,Here is a small assignment for you: Add a new sub-category 2nd Year Maths in Mathematics. Remove the Miscellaneous category.
682,"""Inhale, rest the weight on the palms, raise the head and place it on the ground."""
683,Keep the neck parallel to the back.
684,Only the basic one is enough.
685,Come back to our terminal.
686,Let us move the mouse to the Value box and keep it there.
687,And common mistakes which can be avoided here.
688,Type: cd space slash user slash bin.
689,"""And when he had finished eating, he saith unto Simon Peter, Simon, son of Jonas, lovest thou me so much? And he saith unto him, Lord, thou knowest that I love thee. And Jesus said unto him, Feed my sheep."""
690,"I go to File, click on Save As and change the file extension from'tif'to'jpg '."
691,Write four reasons why cleanliness is important for humans.
692,ii. To keep skin clean always _ _ _ _ _ _ _ _ should be done.
693,Thoughts will give rise to different thoughts.
694,He came out of the zoo in two hours.
695,Boy displays trust in you all.
696,I will add a single item and explain it later.
697,Paternal grandparents chanted Krishna's name.
698,Fold the right leg at the knees and sit on the heels.
699,"""And when he saw the people round about, he saith unto the man, Stretch forth thy hand: and his hand was restored, as it had been done unto him."""
700,"""But Jesus saith unto her, Leave him alone. And his disciples came and besought her, saying, The woman crieth after us; let her alone."""
701,This is a daily tip where you get useful information.
702,"Here, we execute the query to delete the returned book from the entry Checkout table."
703,"""In the synagogue are chosen the chief seats, and in supper the chief seats;"""
704,What if we want to delete a directory containing multiple files and sub-directories?
705,She does not want any reward.
706,She flowers more often than that.
707,Marichasana Sthiti: Dandasana
708,And we shall not eat any of it.
709,Child has respect in me.
710,Click on Create a new question button and double-click on Short answer option.
711,The selected atoms appear in blue colour.
712,You have seen that the changes in the physical condition of the earth lead to the development oforganisms.
713,"""Praying daily for this grace, that we may be able to see your voice, and to prove what is false in your faith."""
714,"""From the perspective of social values, it is important to provide food."""
715,"""Neither do I drink new wine, neither do I drink fruit juice any more."""
716,"Immediately, the download begins. Click on Save File button and then on OK button."
717,"""But we preach the wisdom of God, hid from the face of the weather, hid from God for our confidence."""
718,The success message is displayed.
719,"""Saying, If we had lived in the days of our fathers, we should not have been partakers of the bloodshed of the prophets."""
720,You both will be seeing.
721,"Some common applications are Calculator, Text Editor, Terminal, Firefox Web Browser, Videos and LibreOffice Suite components and Home folder."
722,"Notice that the response.jsp file appears in the Projects window, below the index.jsp file."
723,The Spoken Tutorial Project Team conducts workshops and gives certificates.
724,3. How is urine made? What are the substances found in urine?
725,"Here, I will give the value of 8 again for'b '."
726,This article has been contributed by Priyanka Maha Bhagya.
727,Compile as before.
728,"So, here we can use these brushes to fake water colour or we can use them to frame the image."
729,Focus on conscious breathing or Pranayama.
730,• Inhale frequently and vigorously.
731,Boys heard the story.
732,Some of them are beneficial and some are harmful.
733,Centering can be said only if it is within brackets.
734,"""And they tarried there many days: and Festus told Paul to the king, and began to speak, and departed, leaving behind a prisoner, Felix, whom Paul had taken."""
735,"""It is made up of: Ice, Steel, Aluminium etc."""
736,Boy displays fondness in those.
737,It is called serving food when a person goes to have food next to him after cooking.
738,It is a matter of hardship to learn Geeta in the spirit of knowing Sanskrit.
739,Raksho: One who is the protector of the three worlds.
740,The law of the Spirit which giveth life hath cleansed me of the law of sin and death through Christ Jesus.
741,Slowly raise your heels (as far as you can) and stand on your toes and stretch the body as far as you can.
742,"I will delete the details, as authentication is not required for my proxy."
743,Devil has called for battle.
744,""""" ""Yes sir! I know this is normal,"" ""Gopal replied."""
745,Enter your admin password. Click on Authenticate button.
746,"Now, let me talk about declaring a string."
747,Now let us change the opacity of the arrows.
748,"Now, inside the main method, let us call the method."
749,Type: grep space minus i spacewithin double quotes ankit space saraf after the double quotes space grepdemo.txt
750,"If not, for relevant tutorials, please visit our website."
751,Locate and select a zip file of size 30Mb and click on Open.
752,Step 4: Chaturangandasana
753,The error indicates that we want to give an implementation to the Animal interface.
754,"""But if any man offend any of these little creatures which believe on me, it is better for him to be strangled, and for him to be beaten with water of the sea:"""
755,"""Then Judas conceived her in the womb, and knew that she had a son, Heshron."""
756,"On doing so, the Save File window opens up which tells us to fill in the File name."
757,Poets'works are poems.
758,"""And Paul answered and said unto him, I stand in the judgment seat of Caesar, where I am worthy to be judged: for thou knowest that I am not unto the Jews."""
759,"""And behold, the multitude stood there: and they and their rulers murmured against him, saying, This man saved others: save thyself, if it be the Christ of God."""
760,They lived in the country.
761,It has following characteristics.
762,We can also resize and rotate the star using another handle.
763,Course category is set by the admin.
764,Now type: ls space -l space example1 and press Enter.
765,"We can see some pattern of fields. Click on the triangle there, drag it on the canvas and color it saffron and remove the Stroke."
766,Fingers rotate with each other and keep the head and palms erect.
767,"""Whosoever therefore shall cleanse himself of these things shall be the bread of righteousness, and of honour, and of every good work of the Lord."""
768,"""For this is Christ in his stead, who walketh after the Spirit, and taketh forth water from the Spirit."""
769,It creates a declarative region and then defines a scope.
770,Benefits of bacteria
771,Before sewing came into use a sewing machine was a tool for sewing textiles.
772,"""Squirrels attract insects with their colour, stamen pollen which reaches a woman's hair and bears fruit on the flowers."""
773,"""And they swore by the king, saying, I will do unto thee whatsoever thou wilt."""
774,After this practice you will be able to complete your image and praise yourself.
775,"Now, let us start with today's tutorial."
776,We can see that the home page of Glassfish Server is displayed.
777,Move your mouse over the link to get the hyperlink address details.
778,Now I know a better way to get the color index.
779,Let me align the CD design layer.
780,"""By the blood of the Lamb, and by the testimony of themselves: for they loved him not, but perished, and their souls also perished."""
781,Let us run the code. Save and Run.
782,Place the palms close to the feet on the ground.
783,Now I click on Scale and I get the scaled image.
784,"If the option is not selected by default, select Default for Calculus."
785,"11 and Raju have passed this value to the constructor. So, this is it."
786,"Now, from that field, click on the next button."
787,Then resume the tutorial.
788,Girls give prasadam.
789,The age must be a positive integer.
790,"In this case, it should be shown as zero because here the usage is less."
791,"""And the seven angels holding the seven trumpets began to sound the trumpet."""
792,I got good marks.
793,"Let us now learn how to use the keyword ""this."""
794,I know book.
795,"Based on this tutorial, the Spoken Tutorial Project Team conducts workshops."
796,"""And when they had departed, they came to Antioch, and gathered unto me the people, and gave me a letter."""
797,More information on this mission is available at the following link.
798,"""Thou shalt not teach thyself by teaching others? and shalt thou steal thyself by preaching the law of trespasses?"""
799,General menu has two sliders Quality and Fog.
800,Please do not ask pertinent questions and this will not create confusion and clutter.
801,"""And if they believe not, they shall sow again: for God hath power to sow them again."""
802,Click on Save.
803,"""Then took Jason and his brothers, and gave them up."""
804,It helps to create separate quizzes for each academic year or group.
805,It should display a single serial number which is the PID of the existing shell.
806,1. Asana helps in the development of people.
807,"If so, please refresh it after some time."
808,I wrote a Sanskrit song yesterday.
809,• Prone Asanas - Makarasana 1
810,"Here, the file ABC is packed with XYZ."
811,"This is because if any of your methods becomes final, you cannot override it."
812,"""Talented ones are those who are far from all beloved, the best equipped and the manifestation of the universe."""
813,"Now, enter the password and click on Login."
814,"Now, let us look at the URL."
815,I make a copy of the original on the Background layer.
816,"Here, the first step is to create a sequence record object."
817,He was blessed by the Gods.
818,Ancient Indians knew about cow diseases.
819,"""For no man dares to give up his vows unto the good: but for the righteous no man giveth away his life."""
820,"Again, click on Account Description drop-down box and select the Capital option."
821,"If the errorMsgs list is not empty, we will display the errorMsgs at addUser dot jsp."
822,Now click on Save.
823,What can we tell you about the exploits of our ancestor Abraham?
824,Note that we are using only the default keyword.
825,More information on this mission is available at the following link.
826,Again Antialiasing is for soft ends.
827,"As of now, Tag number 010 is no longer visible on this page."
828,"In the Projects window, right-click on the Sample.java file."
829,Reconcile Bank Account.
830,Child has faith in you all.
831,"To select a read only variable, we use const keyword."
832,"To record this tutorial, I am using: Ubuntu Linux OS 16.04 and Koha version 16.05"
833,"""But as the high priests did, so also his daily sacrifice for their sins, and for the sins of the people, is not worthwhile: for it was made by him by sacrifice of himself."""
834,"""And if he cast out Satan, and separate himself from his adversary, how shall his kingdom stand?"""
835,Click on Go to receipt page.
836,"""And it came to pass, as he walked, behold, a man ran, and came, and kneeled down before him, and said unto him, Most High, what must I do, that I might have eternal life?"""
837,"If you do not get any error message, know that Biopython is installed."
838,Then go to the tab 245 TITLE STATEMENT:.
839,"""And yet I regard it not as affliction; neither as testifying to the gospel of the grace of God, nor as having loved my life, nor as having found pleasure in ministering to whom the Lord Jesus hath given the burden, nor having finished his course."""
840,"""Let us make ourselves servants of the glory of God with honour and honour, and with honour and honour."""
841,Now the place here is way too dark and this white stuff sometimes it is way too white so I am pulling this down.
842,"""And the people saw the shifting of hands: and many knew him, and went out of the cities, and sat down with him."""
843,"Sometimes, the log file will not display the orbital details."
844,Type your username as Su and press Enter.
845,"Once you finish typing, check the Correctness field which shows the correctness of your typing."
846,"Now, let's look at the laptop."
847,"""Rotate the body from the knees down to the legs, clockwise and clockwise, i.e., clockwise and counterclockwise."""
848,Scroll down and click on Save changes button.
849,"Let us rejoice at the kindness and splendour bestowed on us by Saraswati, the goddess of wisdom. Come to us."
850,Makes the muscles strong.
851,"But it doesn't look good. So, I will change the 10."
852,"Now, delete the format specifier."
853,People call goddess Saraswati as Vani.
854,Yagya-patih: One who is the master of Yagya or knowledge.
855,Click on Save. First we will change the header file to < iostream >.
856,Boy displays friendship in them.
857,The code is written in the awk BEGIN section.
858,"The Forum name will appear as a link to the forum, on the course page."
859,Let's add another block. Click on Add a block menu on the left.
860,"By default, Unit penalty field will display as 0.1. I will change it to 0.5."
861,Sutapa: One who is endowed with great beauty.
862,"To add a single DNA molecule, go to Build menu, Insert and then click on DNA / RNA in the sub-menu."
863,"In the Preferences window, you will find multiple Tabs."
864,"Settings for the visiting card,"
865,Please see for yourself the utility of using both the commands.
866,What music will you be listening to?
867,Details on the download
868,Keep the hands on the head but make sure the hands do not touch the head.
869,"Let us summarize. In this tutorial, we learnt the following:"
870,"If not, then link some error to logic or algorithm."
871,Science is the proof of working system.
872,"""And when they had filled the water, they knew the depth of the waters: and they went a little farther, and drew the waters again, and found there fifteen vimas."""
873,You will also learn how to type non-click screen views every time you type.
874,Moodle has various plug-ins for teacher and site administrators.
875,We get the output as We have successfully run a java program.
876,If two correct answers are given then 1 whole number will be given to the candidate.
877,Which flower?
878,Bhrastram - this utensil is often used to cook tandools.
879,The Surface settings dialog box opens. Move the sliders to correct the opacity.
880,"""And when all the people were come out to meet Jesus, behold, he besought them, saying, Go into our country, and pray."""
881,Fill in the blanks below with the correct words.
882,We will now login with username Bella and her password.
883,Inhale and raise the head while filling in the air in your chest.
884,This URL is based on the port number and domain name provided by sys-ad at the time of installation.
885,It is rotated up to 90 degrees.
886,Click on the Home folder.
887,"""But woe unto you, woe unto you! for ye are rich; and woe unto you! for ye shall be hungry."""
888,You can access the connection node by right-clicking on it.
889,"""Lord Shiva also has a name Nataraja."""
890,"""There is a certain aspect of nutrition found in vegetarian food."""
891,"""For God hath not appointed us to wrath, but unto the righteousness of salvation through Jesus Christ our Lord,"""
892,"""And he said unto them, What do ye judge by, when ye are sorrowful?"""
893,Agrahayah: One who is not absorbed by the Karmyendras.
894,"""He was a great human being, endowed with great brilliance, manifested in Himself as the Supreme Person, the end of all creation, the end of the universe and the end of the body."""
895,Arjuna is here.
896,The God of peace be with you all.
897,Now close this Firefox window.
898,"""And when the chief governor was come, ye received the crown of glory from him."""
899,"Ok. So, now the figure and the guideline is over. Let's come back to the end of this document."
900,"""And when they had sat down, they set him in charge of the watchtowers."""
901,Boys will wear new clothes.
902,"""This revolution of the earth is completed in 365 days."""
903,"The selected course will be displayed to the person to whom the course is assigned- Admin, Course Creator, Teacher, Manager."
904,"""Rama and Lakshmana searched for Sita for a long distance but they could not find her."""
905,Food enhances the energy of our body.
906,The couple's movements are very important.
907,3. Different kinds of smells and messages are sent to the brain through nostrils.
908,Soldier departs.
909,"So, from the background colour, I select a different colour. What is it like here?"
910,The Spoken Tutorial Team conducts workshops using spoken tutorials.
911,"""The purpose of this practice is to familiarize you with the three different components of breathing (abdominal, thoracic and clavicular) and to incorporate them into full yogic practice."""
912,This brings us to the end of this tutorial.
913,These options are similar to those in other word processor applications.
914,We have successfully installed the XAMPP server.
915,Increase the pressure in the eyes.
916,"""For he that suckleth is not of the word of righteousness, because he is a child."""
917,"""And when they had gone and seen all that were done, they made a feast there of the passover."""
918,Sage leaves his family.
919,"In perspective, the text reads:"
920,Exhale and bring the left leg forward next to the right leg and reach down with your upper body touch the forehead to the knees as in step 2.
921,Let us go back to the terminal. Let me clear the prompt.
922,"Here, dollar 1 denotes the first field i.e. roll number. The value is dollar 6 multiplied by zero point 3'and dollar is the value of six stipend."
923,Students saw the play.
924,"To do so, go to the top right corner. Click on Spoken Tutorial Library. From the drop-down, click on Log out."
925,"""And I will come unto you again, and bow down myself unto God: and I fear that I may be grieved, when I see them which have sinned before, and have repented of their unclean vestments, and libations."""
926,I will leave them blank.
927,INTEXT QUESTIONS 8.3
928,"Type (hash) ""#include,"" space, opening angle bracket, closing angle bracket."
929,"So, I go to Filters > > Enhance > > Sharpen."
930,Click on Stop to pause the auto optimization process.
931,3. Warahmihira
932,Spoken Tutorial Project is a part of the Talk to a Teacher project.
933,This tells us to give write permission to the directory.
934,Export the file in'eps'format and view it.
935,I now want to talk a bit more about the Paintbrush and the selection of brushes for painting.
936,Naikamay: One who possesses many forms of Maya.
937,This is the reason for my praise of Jesus Christ unto God.
938,You are a priest.
939,"In response, there is an option for Birthday."
940,"""Jesus saith unto them, A prophet cannot stand, but in his own country, and in his own house, and in those that dwell therein."""
941,"""And I saw a beast in the colour of leprosy; and there followed him death, and death, and famine, and pestilence, and wild beasts; and he gave them dominion over four quarters of the earth."""
942,iv. fore brain
943,We started well with the cropping of the image and I will demonstrate in the next tutorial what I can do with this image.
944,Go to the terminal and clear it.
945,Let us come back to the slides and learn about the main function.
946,"""Bhakti affects bliss, transcendental bliss, peace and wisdom."""
947,"""To them that are elders, who rule the church well, and to them that are diligent in the word of God, and in the doctrine, to be worthy of twice as much."""
948,"""Behold, man is not justified by works, but by faith."""
949,"""And when all things were finished, Paul went into Macedonia, and determined to go to Jerusalem: and he said unto her, Go thy way; verily, verily, I must see Rome."""
950,The output is displayed in GC content percentage.
951,It should look like a mirror.
952,"Note that all C files have the extension. ""c"" (dot C)."
953,Sadgatih: One whose speed is supreme.
954,"So, I select the Clone Tool and resize the brush."
955,"""For he hath made all things by Jesus Christ, that the knowledge of God might be manifested in the church, and in the angels which are in the highest order in heaven."""
956,Strawberry: This is a small tree which grows up to the height of 6 meters with many leaves in parallel and 10-12 in number.
957,"As we can see, the output is ""Hello Space World."""
958,Type at the prompt date space plus percentage symbol with a small h and press Enter.
959,Grace be unto the house of Joseph the Lord: for he hath called me again.
960,Browse the following folder path.
961,The Ubuntu Linux OS features multiple workspaces or desktops.
962,"In a new window that opens here, enter the username of your choice. I will enter frontacc as the username."
963,"A message appears at the top saying, ""Journal entry has been entered."""
964,Search for the saved image.
965,"""That we might not eat of the things which are written in the New Testament, but of the Spirit: for the things which are written are dead, and the Spirit is life."""
966,The data from the level field is now displayed as 2.
967,"It works on Linux, Max OS, and Windows."
968,--- Add the audio @ 02:32 from the tutorial nstallation of FrontAccounting on Window OS timing 08:10 to 08:30 ---
969,The few five trees are well known for their divine properties and their relationship with the God.
970,"""Behold, I give you power to trample on serpents, and scorpions, and scorpions, and every mighty thing that treads on you, and ye shall have no harm."""
971,"""Inhale, breathe in without any pressure. This breathing should be normal."""
972,"""Have ye not read that a man shall leave his father, and be joined to his wife, and the two shall become one flesh?"""
973,"""And the angel said unto him, Am I this man? for I am old, and my wife is old."""
974,"So, let us just point out the changes here."
975,"If you want the student to customize their position, fill in the fields in this section."
976,"On the Home page, click on Cataloging."
977,'while'loop
978,The output of the ls command serves as an input to the wc command.
979,How to connect a printer to a computer
980,"""And they that were in the manger took up wood, or cakes, or vessels, that they might find: and they received all the earth, and lived."""
981,If all the conditions are false then the last Else section is executed.
982,Select MMFF94 Force Field and click on Start button.
983,Bhutakruto: One who creates all the organisms.
984,"A file either has a name, some religion, or has administrative information like the date of creation, modification or permission to a file."
985,"""In fire there are three kinds of sounds, touches, juices etc."""
986,demonstrate geometry in coordination compounds and build nanotubes.
987,It also prevents the heat from entering the machine.
988,Both the sides of nose are their eyes.
989,"In'Bcc ', it says stlibreoffice@gmail.com and info@spoken-tutorial.org."
990,"Here, the first field is roll number and the sixth field is student stipend."
991,"Blocks in Admin's Dashboard tutorial - How to add and remove blocks, etc."
992,"""Many ancient Indian scriptures gave rules for cow safety, health."""
993,"""And unto them that are called by Jesus Christ, even as unto other Gentiles which are called by his name, even as unto them that are of the world;"""
994,"""Inhale deeply, expel the breath strongly."""
995,"""Remembering the saying of Jesus, Before the cock crow, thou wilt trample me: and when he was come out, he wept bitterly."""
996,Thank the doctor for healing the sick.
997,"""Nathanael saith unto him, Can any man grow any more in Nazareth? Philip saith unto him, Go and see."""
998,"So, let me pull this up to the top of the toolbox. Here it is."
999,"There are settings to edit, hide, duplicate and delete a resource. The details of these are available at the link shown."
1000,• Stretch the body a bit and slowly relax the body completely by closing the eyes.
